nome,municipio,endereco,fonte,latitude,longitude,motivo,status
"Casa Rural - Materiais de Construção e Agro veterinária","João Dourado","Av. Joaquim Augusto, 83 - Centro, João Dourado - BA, 44920-000, Brazil","Google Places",-11.3474178,-41.6631013,"Comércio de materiais de construção e produtos agropecuários; não é terreiro","excluída"
"Casas Freire","João Dourado","186 - Praça João Dourado, 122, João Dourado - BA, 44920-000, Brazil","Google Places",-11.3478562,-41.6610124,"Estabelecimento comercial; não é terreiro","excluída"
"Rua Bahia, 457 Santo Antonio De Jesus","Santo Antônio de Jesus","R. Bahia, 467 - Santa Rita, Santo Antônio de Jesus - BA, 44430-400, Brazil","Google Places",-12.9772291,-39.2614421,"Entrada identificada apenas por endereço, sem identificação de terreiro; nome indica nº 457 e endereço cadastrado nº 467","excluída"
"Remanso BA","Remanso","Remanso, BA, 47200-000, Brazil","Google Places",-9.61961,-42.0841857,"Marcador genérico do município; não é terreiro","excluída"
"Sítio Arqueológico Pilão Arcado Velho","Pilão Arcado/Sento Sé","Unnamed Road - Pilão Arcado, Sento Sé - BA, 47350-000, Brazil","Google Places",-10.1527868,-42.4267142,"Sítio arqueológico; não é terreiro","excluída"
"CRAS - Itaguaçu da Bahia","Itaguaçu da Bahia","R. 20 de Outro, SN - Centro, Itaguaçu da Bahia - BA, 47440-000, Brazil","Google Places",-11.0077648,-42.3939351,"Centro de Referência de Assistência Social; não é terreiro","excluída"
"Casa São Paulo","Santo Antônio de Jesus","R. Monsenhor Antônio Oliveira, 4 - Centro, Santo Antônio de Jesus - BA, 44571-060, Brazil","Google Places",-12.9700232,-39.2620765,"Estabelecimento indicado como entrada incorreta; não é terreiro","excluída"
"Casa das Espumas","Santo Antônio de Jesus","R. Landulfo Alves, 118 - Centro, Santo Antônio de Jesus - BA, 44430-088, Brazil","Google Places",-12.9674074,-39.2632786,"Estabelecimento comercial; não é terreiro","excluída"
"R. Castro Alves, 169 - Cs A","Santo Antônio de Jesus","R. Castro Alves, 169 - Cs A - Centro, Santo Antônio de Jesus - BA, 44430-546, Brazil","Google Places",-12.9688089,-39.2586163,"Entrada identificada apenas por endereço, sem identificação de terreiro","excluída"
"Casa do Campo","Elísio Medrado","R. Quinze de Novembro, 195 - Elísio Medrado, BA, 45305-000, Brazil","Google Places",-12.9465335,-39.5229315,"Estabelecimento comercial; não é terreiro","excluída"
"Casa São Luiz Materiais De Construção","Amargosa","Av. Lomanto Jr, 417 - Centro, Amargosa - BA, 45300-000, Brazil","Google Places",-13.0312019,-39.6042004,"Loja de materiais de construção; não é terreiro","excluída"
"Laticínios Santana Lauro de Freitas","Lauro de Freitas","Av. Amarílio Thiago dos Santos, 205 - Centro, Lauro de Freitas - BA, 42703-750, Brazil","Google Places",-12.8965478,-38.3214385,"Comércio de laticínios; falso positivo confirmado por revisão humana","excluída"
"Condomínio Spazio Sunrise","Lauro de Freitas","R. Manoel Silvestre Leite, 190 - Centro, Lauro de Freitas - BA, 42703-050, Brazil","Google Places",-12.8976991,-38.3233386,"Condomínio residencial; falso positivo confirmado por revisão humana","excluída"
"CASA DAS RESISTÊNCIAS","Lauro de Freitas","Estrada do Côco - Av. Santos Dumont, 3862 - Loja 19 - Recreio Ipitanga, Lauro de Freitas - BA, 42700-170, Brazil","Google Places",-12.8891686,-38.3224036,"Estabelecimento comercial em loja; falso positivo confirmado por revisão humana","excluída"
"Açai Expresso da Ilha","Ilhéus","R. Cassimiro Costa, 78 - Pontal, Ilhéus - BA, 45654-530, Brazil","Google Places","-14.8090128","-39.02536910000001","comércio de açaí; falso positivo aprovado por revisão humana em lote","excluída"
"Casa das baterias Ipiaú","Ipiaú","Av. Getulio Vargas, 706 - Bairro Centro, Ipiaú - BA, 45570-780, Brazil","Google Places","-14.132536","-39.7342205","Loja de baterias; falso positivo aprovado por revisão humana em lote","excluída"
"CATEDRAL - UNIVERSAL DIAS D’ÁVILA","Dias d'Ávila","Av. Brasil, 539 - Parque de Dias Davila, Dias d'Ávila - BA, 42850-000, Brazil","Google Places","-12.6120154","-38.2988894","Igreja Universal cristã; falso positivo aprovado por revisão humana em lote","excluída"
"Church Bom Jesus dos Navegantes","Bom Jesus da Lapa","Nova Brasília, Bom Jesus da Lapa - State of Bahia, 47600-000, Brazil","Google Places","-13.2534283","-43.42407550000001","igreja cristã; falso positivo aprovado por revisão humana em lote","excluída"
"Condomínio Cidade do Ouro","Jacobina","Retiro, Jacobina - BA, 44700-000, Brazil","Google Places","-11.1895128","-40.5419477","condomínio residencial; falso positivo aprovado por revisão humana em lote","excluída"
"Duarte drinks","Conceição do Jacuípe","R. Diocleciano dos Santos, Conceição do Jacuípe - BA, 44230-000, Brazil","Google Places","-12.3329161","-38.7747683","Comércio ou serviço de bebidas; falso positivo aprovado por revisão humana em lote","excluída"
"Itaparica Island","Itaparica Island","Itaparica Island, State of Bahia, Brazil","Google Places","-13.0152747","-38.7053934","ilha/localidade geográfica; falso positivo aprovado por revisão humana em lote","excluída"
"Materiais de Construção Santo Antônio","Conceição do Jacuípe","Av. Getúlio Vargas, 29, Conceição do Jacuípe - BA, 44245-000, Brazil","Google Places","-12.3317529","-38.76802","Loja de materiais de construção; falso positivo aprovado por revisão humana em lote","excluída"
"Paróquia Catedral São Thomaz de Cantuária","Camaçari","Praça Desembargador Montenegro, 9 - Centro, Camaçari - BA, 42800-020, Brazil","Google Places","-12.7007198","-38.3244555","Catedral católica; falso positivo aprovado por revisão humana em lote","excluída"
"Paróquia Santo Antônio","362 - Condeúba","BA-148, 362 - Condeúba, BA, 46200-000, Brazil","Google Places","-14.8959561","-41.9686894","Paróquia católica; falso positivo aprovado por revisão humana em lote","excluída"
"Prefeitura Municipal de Várzea da Roça","Várzea da Roça","Pça. da Bandeira, 125, Várzea da Roça - BA, 44635-000, Brazil","Google Places","-11.6079576","-40.1380868","Prefeitura municipal; falso positivo aprovado por revisão humana em lote","excluída"
"Rodoviária de Valença BA","78 - Valença","166, - R. Abel Águiar Queirós, 78 - Valença, BA, 45400-000, Brazil","Google Places","-13.3757726","-39.0766332","terminal rodoviário; falso positivo aprovado por revisão humana em lote","excluída"
"Sesi Candeias","Candeias","R. da Prefeitura - Santa Terezinha, Candeias - BA, Brazil","Google Places","-12.6474046","-38.5353934","Unidade do SESI; falso positivo aprovado por revisão humana em lote","excluída"
"The Church of Jesus Christ of Latter-day Saints","Dias d'Ávila","Av. Raul Seixas, 864 - Parque Capuame, Dias d'Ávila - BA, 42850-000, Brazil","Google Places","-12.6100532","-38.309042","Igreja de Jesus Cristo dos Santos dos Últimos Dias; falso positivo aprovado por revisão humana em lote","excluída"
"ABAPA | Associação Baiana dos Produtores de Algodão","Luís Eduardo Magalhães","Rod. Pres. Juscelino Kubitschek - Jardim Paraiso Fase II, Luís Eduardo Magalhães - BA, 47850-000, Brazil","Google Places","-12.0869336","-45.7567695","Associação de produtores de algodão; falso positivo aprovado por revisão humana em lote","excluída"
"ABAPA(Nova sede)","Luís Eduardo Magalhaes","W79V+V6, Luís Eduardo Magalhaes - State of Bahia, 47850-000, Brazil","Google Places","-12.0803055","-45.706978","Sede de associação agrícola; falso positivo aprovado por revisão humana em lote","excluída"
"ARTIGOS RELIGIOSOS ALTO DO OGUM","39 - Tremedal","Av. Joaquim Ferraz de Araújo, 39 - Tremedal, BA, 45170-000, Brazil","Google Places","-14.9737049","-41.4054709","Loja de artigos religiosos; falso positivo aprovado por revisão humana em lote","excluída"
"Associação Baiana de Avicultura","Conceição da Feira","Campo de Futebol, 172, Conceição da Feira - BA, 44320-000, Brazil","Google Places","-12.5033831","-38.99987060000001","Associação do setor de avicultura; falso positivo aprovado por revisão humana em lote","excluída"
"Associação Batista do Extremo Sul Baiano","Teixeira de Freitas","R. João Calmom, 128 - São Pedro, Teixeira de Freitas - BA, 45995-153, Brazil","Google Places","-17.5339608","-39.7433108","Associação religiosa batista cristã; falso positivo aprovado por revisão humana em lote","excluída"
"Associação de Mães, Pais e Amigos dos Autistas de Serrinha","Serrinha","R. Pedro Tiago, 383 - Ginásio, Serrinha - BA, 48700-000, Brazil","Google Places","-11.6631814","-39.0057034","Associação de apoio a pessoas autistas; falso positivo aprovado por revisão humana em lote","excluída"
"Ateliê das festas","Guanambi","Av. Santos Dumont, 204 - Centro, Guanambi - BA, 46430-000, Brazil","Google Places","-14.2181753","-42.7811576","Ateliê de festas; falso positivo aprovado por revisão humana em lote","excluída"
"Axé Beach Itaparica Praia Resort","Itaparica","Av Beira Mar - Porto Santos, Itaparica - BA, 44460-000, Brazil","Google Places","-12.9001969","-38.6730655","Praia resort, não terreiro; falso positivo aprovado por revisão humana em lote","excluída"
"Cachoeira Ferro Doido","Morro do Chapéu","Ventura, Morro do Chapéu - State of Bahia, 44850-000, Brazil","Google Places","-11.6252381","-40.9997256","Atração natural; falso positivo aprovado por revisão humana em lote","excluída"
"Casa Cosme e Damião - Materiais de Umbanda e Artesanato em geral","Brumado","Avenida Doutor Antônio - Av. Antônio Mourão Guimarães, 389 - Centro, Brumado - BA, 46100-097, Brazil","Google Places","-14.2095102","-41.6692055","Comércio de materiais de Umbanda e artesanato; falso positivo aprovado por revisão humana em lote","excluída"
"Casa Cultural Reggae","Salvador","R. do Passo, 17 - Centro Histórico, Salvador - BA, 40301-408, Brazil","Google Places","-12.970239","-38.508476","Espaço cultural de reggae; falso positivo aprovado por revisão humana em lote","excluída"
"Casa da Lavoura LEM - Irrigação, Motores e Ferramentas","Luís Eduardo Magalhães","R. Paraíba, 270 - Centro, Luís Eduardo Magalhães - BA, 47850-000, Brazil","Google Places","-12.0883799","-45.7973025","Loja agrícola e de ferramentas; falso positivo aprovado por revisão humana em lote","excluída"
"Casa da Robótica","Vitória da Conquista","Rua Antônia Fernandes Santos Silva 281 - Brasil, Vitória da Conquista - BA, 45005-386, Brazil","Google Places","-14.852299","-40.8228229","Espaço de robótica; falso positivo aprovado por revisão humana em lote","excluída"
"Casa das Histórias de Salvador","Salvador","R. da Bélgica, 2 - Comércio, Salvador - BA, 40010-030, Brazil","Google Places","-12.9728553","-38.5135077","Equipamento histórico-cultural; falso positivo aprovado por revisão humana em lote","excluída"
"Casa das Noivas","87 - Valença","Rua Mestre Osvaldo dos Santos, 87 - Valença, BA, 45400-000, Brazil","Google Places","-13.3746541","-39.0639093","Loja de artigos para noivas; falso positivo aprovado por revisão humana em lote","excluída"
"Casa das Velas Oxalá Casa das Ervas Oxalá","Feira de Santana","R. Maceió, 48 - Centro, Feira de Santana - BA, 44002-600, Brazil","Google Places","-12.2527219","-38.9693773","Comércio de velas e ervas; falso positivo aprovado por revisão humana em lote","excluída"
"Casa de Castro Alves","Salvador","R. do Passo, 52 - Centro Histórico, Salvador - BA, 40301-408, Brazil","Google Places","-12.969721","-38.5082396","Casa histórica ligada a Castro Alves; falso positivo aprovado por revisão humana em lote","excluída"
"Casa de Câmara e Cadeia","Santa Cruz Cabrália","Ladeira C. Alta, 25, Santa Cruz Cabrália - BA, 45807-000, Brazil","Google Places","-16.2792586","-39.0243914","Edificação histórica civil; falso positivo aprovado por revisão humana em lote","excluída"
"Casa de Raçao Santo Antonio","Dias d'Ávila","R. da Suíça, 83-131 - Conjunto Hab., Dias d'Ávila - BA, 42850-000, Brazil","Google Places","-12.6177453","-38.3004035","Comércio de ração; falso positivo aprovado por revisão humana em lote","excluída"
"Casa de Saúde Maria José Souza Santos","Jaguaquara","Av. Everaldo de Souza Santos, 137 - Muritiba, Jaguaquara - BA, 45345-000, Brazil","Google Places","-13.5295094","-39.9717525","Estabelecimento de saúde; falso positivo aprovado por revisão humana em lote","excluída"
"Casa de Saúde Santo Antônio","56 - Camacan","R. Santa Luzia, 56 - Camacan, BA, 45880-000, Brazil","Google Places","-15.4167897","-39.4949434","Estabelecimento de saúde; falso positivo aprovado por revisão humana em lote","excluída"
"Casa do acarajé didy e Shell","Av. Conselheiro Eliel Martins - Riachão do Jacuípe","Av. Conselheiro Eliel Martins - Riachão do Jacuípe, BA, 44640-000, Brazil","Google Places","-11.8090318","-39.3823923","Comércio de acarajé; falso positivo aprovado por revisão humana em lote","excluída"
"CASA DO COURO LTDA","Santo Antônio de Jesus","R. Landulfo Alves, 4 - Centro, Santo Antônio de Jesus - BA, 44571-380, Brazil","Google Places","-12.9680229","-39.2625564","Comércio de couro; falso positivo aprovado por revisão humana em lote","excluída"
"Casa do Gesso- Santo Antônio de Jesus","Santo Antônio de Jesus","Av. Luiz Viana, 366 - Centro, Santo Antônio de Jesus - BA, 44571-019, Brazil","Google Places","-12.9672564","-39.25821579999999","Loja de materiais de gesso; falso positivo aprovado por revisão humana em lote","excluída"
"Casa do Pão","Brumado","R. Felipe dos Santos, 409 - Flores, Brumado - BA, 46100-000, Brazil","Google Places","-14.2095317","-41.6771667","Nome típico de padaria ou comércio de alimentos; falso positivo aprovado por revisão humana em lote","excluída"
"Casa dos cabos SBA - Materiais elétricos","96 - Seabra","R. Vinte e Dois de Abril, 96 - Seabra, BA, 46900-000, Brazil","Google Places","-12.4284164","-41.7698302","Loja de materiais elétricos; falso positivo aprovado por revisão humana em lote","excluída"
"Casa Rio de Contas - Renovada e Ampliada - Three-Bedroom Home","Rio de Contas","Rio de Contas, State of Bahia, 46170-000, Brazil","Google Places","-13.5787602","-41.8094101","Hospedagem residencial anunciada; falso positivo aprovado por revisão humana em lote","excluída"
"Casa Rosada Eventos","Conceição do Jacuípe","Rua XV de novembro, 04 - Centro, Conceição do Jacuípe - BA, 44245-000, Brazil","Google Places","-12.3299217","-38.7645912","Espaço de eventos; falso positivo aprovado por revisão humana em lote","excluída"
"Casa Rústica Irecê - Móveis e decoração de madeira de demolição","Irecê","Av. Santos Lopes, 1006 - Centro, Irecê - BA, 44860-169, Brazil","Google Places","-11.2951581","-41.8520476","Loja de móveis e decoração; falso positivo aprovado por revisão humana em lote","excluída"
"Casa Santos - Materiais de Construção","Camaçari","R. dos Horizontes - Verdes Horizontes, Camaçari - BA, 42809-645, Brazil","Google Places","-12.7201172","-38.3177372","Loja de materiais de construção; falso positivo aprovado por revisão humana em lote","excluída"
"CAVALCANTI Madeira e Construção","Jacobina","Av. Orlando Oliveira Pires - Caeira, Jacobina - BA, 44700-672, Brazil","Google Places","-11.1799103","-40.5208823","Comércio de construção e madeira; falso positivo aprovado por revisão humana em lote","excluída"
"CEASA VITÓRIA DA CONQUISTA - CEAVIC","Vitória da Conquista","BA-262, KM 316 - São Pedro, Vitória da Conquista - BA, 45070-330, Brazil","Google Places","-14.8442729","-40.9069587","Central de abastecimento comercial; falso positivo aprovado por revisão humana em lote","excluída"
"Central de Adubos - Matriz Juazeiro","Juazeiro","Rodovia Lomanto Junior, 399 - Itaberaba, Juazeiro - BA, 48907-090, Brazil","Google Places","-9.446664","-40.48827989999999","Comércio de adubos; falso positivo aprovado por revisão humana em lote","excluída"
"Centro Cultural de Jacobina","Jacobina","R. Melchior Dias, 21 - Centro, Jacobina - BA, 44700-000, Brazil","Google Places","-11.1823375","-40.5150928","Centro cultural; falso positivo aprovado por revisão humana em lote","excluída"
"Centro Cultural Tribo Bahia Capoeira - Itacaré","60 - Itacaré","Procurar o Mestre Bico Duro - Tv. São Miguel, 60 - Itacaré, BA, 45530-000, Brazil","Google Places","-14.2791533","-38.9912864","Centro cultural de capoeira; falso positivo aprovado por revisão humana em lote","excluída"
"Centro de Treinamento & Tecnologia da Abapa","Luís Eduardo Magalhães","BR 020, 242 - KM 50, Luís Eduardo Magalhães - BA, 47850-000, Brazil","Google Places","-12.0826684","-45.7126472","Centro técnico do setor agrícola; falso positivo aprovado por revisão humana em lote","excluída"
"Centro Histórico de Belmonte","Belmonte","Av. Rio Mar, 178 - Centro, Belmonte - BA, 45800-000, Brazil","Google Places","-15.8605559","-38.88142500000001","Centro histórico e atração cultural; falso positivo aprovado por revisão humana em lote","excluída"
"Cidade histórica Porto Seguro","Rua Pedro Alvares Cabral - Porto Seguro","Rua Pedro Alvares Cabral - Porto Seguro, BA, 45810-000, Brazil","Google Places","-16.4388208","-39.0646755","Atração turística e área histórica; falso positivo aprovado por revisão humana em lote","excluída"
"Eco Água Ilhéus","Ilhéus","Antigo Pesque-pague - Rodovia Ilhéus-Uruçuca, Km 4,5 - Iguape, Ilhéus - BA, 45658-335, Brazil","Google Places","-14.7406265","-39.0857032","comércio ou serviço de água; falso positivo aprovado por revisão humana em lote","excluída"
"Enzo Informática","Lauro de Freitas","Av. Santos Dumont, 6105 - Portão, Lauro de Freitas - BA, 42712-740, Brazil","Google Places","-12.8749893","-38.3072587","Comércio ou serviço de informática; falso positivo aprovado por revisão humana em lote","excluída"
"Espaço de Eventos Monte Santo","Juazeiro","R. Sem Denominacao, 12 - Argemiro, Juazeiro - BA, 48901-050, Brazil","Google Places","-9.433013599999999","-40.5144943","Espaço de eventos; falso positivo aprovado por revisão humana em lote","excluída"
"Espetinho do Santo","Itabuna","Av. Manoel Souza Chaves - Banco Raso, Itabuna - BA, 45600-000, Brazil","Google Places","-14.8084813","-39.27812979999999","Comércio de espetinhos; falso positivo aprovado por revisão humana em lote","excluída"
"Gruta do Bom Jesus da Lapa","Bom Jesus da Lapa","Bom Jesus da Lapa, BA, 47600-000, Brazil","Google Places","-13.2593491","-43.4217543","Santuário católico e atração turística; falso positivo aprovado por revisão humana em lote","excluída"
"Hiper Santo Antonio","Luís Eduardo Magalhães","Av. Juscelino Kubitscheck, 3073 - Jardim Imperial, Luís Eduardo Magalhães - BA, 47850-000, Brazil","Google Places","-12.0813159","-45.7873878","Supermercado; falso positivo aprovado por revisão humana em lote","excluída"
"Ilha do cascalho","Nova Viçosa","Nova Viçosa, BA, 45920-000, Brazil","Google Places","-17.8872354","-39.3576592","Ilha ou acidente geográfico; falso positivo aprovado por revisão humana em lote","excluída"
"Ilha do fogo","Juazeiro","BR-407 - Atrás da Banca, Juazeiro - BA, Brazil","Google Places","-9.406230299999999","-40.5055672","ilha ou atração geográfica; falso positivo aprovado por revisão humana em lote","excluída"
"Ilha do pescador","Ilhéus","6XHM+9Q, Ilhéus - State of Bahia, Brazil","Google Places","-14.7715696","-39.0155464","ilha ou acidente geográfico; falso positivo aprovado por revisão humana em lote","excluída"
"Loja Santo André - CAMAMU","s/n - Camamu","Rua Prof - Rua Clotilde Salgado Zenha, s/n - Camamu, BA, 45445-000, Brazil","Google Places","-13.9465488","-39.1021288","Loja comercial; falso positivo aprovado por revisão humana em lote","excluída"
"Lojas B Móveis - Roupeiros, Armários, Cozinhas, Colchões, Sofás, Camas","Pedro Alexandre","Tv. Antônio Pessoa Pinto, 08 - Centro, Pedro Alexandre - BA, 48580-000, Brazil","Google Places","-10.0151773","-37.8945924","Loja de móveis; falso positivo aprovado por revisão humana em lote","excluída"
"Lojas Santo Antônio","R. Gov. Gonçalves - Valença","R. Gov. Gonçalves - Valença, BA, 45400-000, Brazil","Google Places","-13.3724669","-39.0733976","Loja comercial; falso positivo aprovado por revisão humana em lote","excluída"
"Mansão Drinks","Me. de Deus","R. Treze de Junho, 196 - Centro, Me. de Deus - BA, 42600-000, Brazil","Google Places","-12.745508","-38.6174358","Comércio de bebidas; falso positivo aprovado por revisão humana em lote","excluída"
"METODO SUPERA LUIS EDUARDO MAGALHÃES","Luís Eduardo Magalhães","Edifício Com e Residencial Ilha Bella - R. Castro Alves, 2126 - Sl 01 - Centro, Luís Eduardo Magalhães - BA, 47850-000, Brazil","Google Places","-12.0843728","-45.7916329","escola de treinamento cognitivo; falso positivo aprovado por revisão humana em lote","excluída"
"Núcleo de Estudo Afro-Baianos Regionais - Kàwé","Ilhéus","Edifício José Haroldo Castro Vieira - Salobrinho, Ilhéus - BA, 45662-900, Brazil","Google Places","-14.7966447","-39.1722889","núcleo acadêmico de estudos regionais; falso positivo aprovado por revisão humana em lote","excluída"
"Núcleo Histórico Ferroviário de Santa Inês-BA","Santa Inês","Ave.Francisco Leal Sales, 26, Santa Inês - BA, 45320-000, Brazil","Google Places","-13.2986641","-39.8220689","Núcleo histórico ferroviário; falso positivo aprovado por revisão humana em lote","excluída"
"Paróquia de Santo Antônio das Queimadas","Av. Padre Edmilson Gomes Sobrinho - Queimadas","Av. Padre Edmilson Gomes Sobrinho - Queimadas, BA, 48860-000, Brazil","Google Places","-10.9783685","-39.6271764","Paróquia católica; falso positivo aprovado por revisão humana em lote","excluída"
"Paróquia São Domingos de Gusmão - Centro","Irecê","Irecê - State of Bahia, 44900-000, Brazil","Google Places","-11.3036922","-41.8570471","Paróquia católica; falso positivo aprovado por revisão humana em lote","excluída"
"Posto Jitauna","Jitaúna","BR-330, 5, Jitaúna - BA, 45225-000, Brazil","Google Places","-14.017115","-39.8859599","Posto de combustível; falso positivo aprovado por revisão humana em lote","excluída"
"Santuário do Bom Jesus da Lapa","Bom Jesus da Lapa","Praça da Bandeira, 106 - • Bom Jesus da Lapa, Bom Jesus da Lapa - BA, 47600-000, Brazil","Google Places","-13.2588469","-43.4222905","Santuário católico de Bom Jesus da Lapa; falso positivo aprovado por revisão humana em lote","excluída"
"Super Santo Antonio Centro","Luís Eduardo Magalhães","Av. Barreiras - Lot. Mimoso Doeste I, Luís Eduardo Magalhães - BA, 47850-000, Brazil","Google Places","-12.0904011","-45.7954158","Supermercado; falso positivo aprovado por revisão humana em lote","excluída"
"Sítio do Quinto","Sítio do Quinto","Sítio do Quinto, BA, 48565-000, Brazil","Google Places","-10.3651688","-38.2033808","Registro da localidade municipal; falso positivo aprovado por revisão humana em lote","excluída"
"Vale do Amanhecer - Templo Ogamor","Vitória da Conquista","Av. Rafael Spínola, 32 - Zabelê, Vitória da Conquista - BA, 45078-000, Brazil","Google Places","-14.8435939","-40.87975","templo do Vale do Amanhecer; falso positivo aprovado por revisão humana em lote","excluída"
"Barraca Axé-Uai","484 - Nova Viçosa","576 - R. Bahia, 484 - Nova Viçosa, BA, 45920-000, Brazil","Google Places","-17.9049221","-39.3664032","Barraca comercial, não terreiro; falso positivo aprovado por revisão humana em lote","excluída"
"Casa da Cidadania","Ribeira do Pombal","Av. Oliveira Brito, Ribeira do Pombal - BA, 48400-000, Brazil","Google Places","-10.8364373","-38.54306260000001","Equipamento de atendimento público; falso positivo aprovado por revisão humana em lote","excluída"
"Casa das Quentinhas","Itabuna","R. Catarina Alves, 133 - Santo Antônio, Itabuna - BA, 45602-180, Brazil","Google Places","-14.7868572","-39.2834285","Comércio de refeições; falso positivo aprovado por revisão humana em lote","excluída"
"Casa de ervas 7 linhas","Feira de Santana","R. 24 de Maio, 29 - Centro, Feira de Santana - BA, 44002-136, Brazil","Google Places","-12.2568241","-38.9682408","Comércio de ervas; falso positivo aprovado por revisão humana em lote","excluída"
"Casa de ervas Santo Antônio","Feira de Santana","galeria dos artesão - R. Dr. Olímpio Vital, 358 - Centro, Feira de Santana - BA, 44002-625, Brazil","Google Places","-12.2547467","-38.970001","Comércio de ervas em galeria de artesãos; falso positivo aprovado por revisão humana em lote","excluída"
"Casa de ervas são Jorge","Irecê","Rua Aristides Moitinho - Centro, Irecê - BA, 44900-000, Brazil","Google Places","-11.3036581","-41.8564766","Comércio de ervas; falso positivo aprovado por revisão humana em lote","excluída"
"Casa De Ervas São Pedro","Feira de Santana","R. Dr. Olímpio Vital, 192 - Centro, Feira de Santana - BA, 44002-740, Brazil","Google Places","-12.254921","-38.9692729","Comércio de ervas; falso positivo aprovado por revisão humana em lote","excluída"
"Comunidade Quilombola Santo Antônio","205 - Antônio Cardoso","BR-116, 205 - Antônio Cardoso, BA, 44180-000, Brazil","Google Places","-12.3837542","-39.1331336","Comunidade quilombola, não um terreiro específico; falso positivo aprovado por revisão humana em lote","excluída"
"Enzo Vilas Jato","Lauro de Freitas","R. Praia da Pituba, 03 - quadra11 - Vilas do Atlântico, Lauro de Freitas - BA, 42708-810, Brazil","Google Places","-12.8833861","-38.3035849","Serviço de lavagem automotiva; falso positivo aprovado por revisão humana em lote","excluída"
"House of Artists","Ilhéus","Av. Gov. Roberto Santos, 1676 - Esperança, Ilhéus - BA, 45658-610, Brazil","Google Places","-14.7914687","-39.0621832","Espaço cultural ou casa de artistas; falso positivo aprovado por revisão humana em lote","excluída"
"Loja Santa Bárbara","Salvador","Loja - Santa Barbara, Salvador - BA, 40460-650, Brazil","Google Places","-12.9510558","-38.5024832","Loja comercial; falso positivo aprovado por revisão humana em lote","excluída"
"Lojão Central","330 - Guanambi","Tv. Getúlio Vargas, 330 - Guanambi, BA, 46430-000, Brazil","Google Places","-14.2281098","-42.7810487","Loja genérica; falso positivo aprovado por revisão humana em lote","excluída"
"Mundo Do Real","Ipiaú","R. Moisés Santos, 3 - Ipiau, Ipiaú - BA, 45570-000, Brazil","Google Places","-14.1408712","-39.7317005","Comércio varejista genérico; falso positivo aprovado por revisão humana em lote","excluída"
"PALÁCIO DE OYA","Salvador","FEIRA DE SÃO JOAQUIM - RUA PRINCIPAL, QD 1 - LOJA 1 - Comércio, Salvador - BA, 40460-650, Brazil","Google Places","-12.9511192","-38.5017726","loja na Feira de São Joaquim; falso positivo aprovado por revisão humana em lote","excluída"
"R. Alto da Capelinha, 37 - Cs","Candeias","R. Alto da Capelinha, 37 - Cs - Santo Antonio, Candeias - BA, 43820-050, Brazil","Google Places","-12.6723205","-38.5365606","Endereço usado como nome, sem identidade religiosa; falso positivo aprovado por revisão humana em lote","excluída"
"Sac De Senhor Do Bonfim","Sr. do Bonfim","Praça Nova Do Congresso, 01 Central Shopping, 1º Andar - Centro, Sr. do Bonfim - BA, 48970-000, Brazil","Google Places","-10.4620346","-40.1878233","Unidade de atendimento público em shopping; falso positivo aprovado por revisão humana em lote","excluída"
"Campo Bahia","Santa Cruz Cabrália","Avenida Beira Mar, 1885 Vilarejo de, Santa Cruz Cabrália - BA, 45807-000, Brazil","Google Places","-16.2434906","-39.011385","Hotel e resort turístico; falso positivo aprovado por revisão humana em lote","excluída"
"Casa da Criança - Guanambi","607 - Guanambi","R. Otávio Mangabeira, 607 - Guanambi, BA, 46430-000, Brazil","Google Places","-14.2237821","-42.7734696","Instituição voltada a crianças; falso positivo aprovado por revisão humana em lote","excluída"
"Casa da renata santos de jesus","Cruz das Almas","R. Rui Barbosa - Bairro Primavera, Cruz das Almas - BA, 44380-000, Brazil","Google Places","-12.6664828","-39.099988","Residência pessoal identificada pelo nome da moradora; falso positivo aprovado por revisão humana em lote","excluída"
"Casa das Ervas Santa Bárbara","Ribeira do Pombal","Av. Silvia Brito, Ribeira do Pombal - BA, 48400-000, Brazil","Google Places","-10.841247","-38.5395905","Casa de ervas, aparenta comércio religioso; falso positivo aprovado por revisão humana em lote","excluída"
"Semprelar Centro - Luís Eduardo Magalhães","Luís Eduardo Magalhães","rua Pernambuco quadra 25, lote 9 centro - Lot. Mimoso Doeste I, Luís Eduardo Magalhães - BA, 47850-000, Brazil","Google Places","-12.0882824","-45.79636439999999","Comércio varejista; falso positivo aprovado por revisão humana em lote","excluída"
"Vale do Amanhecer - Templo Rivan","Ribeira do Pombal","Unnamed Road, Ribeira do Pombal - BA, 48400-000, Brazil","Google Places","-10.8081725","-38.5362215","Templo do Vale do Amanhecer; falso positivo aprovado por revisão humana em lote","excluída"
"Bom jesus da Lapa Ba","R. São Francisco - Bom Jesus da Lapa","R. São Francisco - Bom Jesus da Lapa, BA, 47600-000, Brazil","Google Places","-13.2458899","-43.3967639","Ponto genérico referente à cidade, sem indicação de terreiro; falso positivo aprovado por revisão humana em lote","excluída"
"Cabana Axé Mucuri","898 - Mucuri","R. Corumbá, 898 - Mucuri, BA, 45930-000, Brazil","Google Places","-18.0720445","-39.5399217","Cabana comercial, sem indicação religiosa; falso positivo aprovado por revisão humana em lote","excluída"
"Casa Do Lavrador","Brumado","Av. Cel. Santos, 76 - Cidade das Esmeraldas, Brumado - BA, 46100-000, Brazil","Google Places","-14.2032455","-41.6625088","Estabelecimento comercial voltado ao lavrador; falso positivo aprovado por revisão humana em lote","excluída"
"Centro Comunitário Dom Ricardo - Luís Eduardo Magalhães - Com. Sta. Catarina","Luís Eduardo Magalhães","R. Itacaré, 543 - Lot. Florais Lea, Luís Eduardo Magalhães - BA, 47850-000, Brazil","Google Places","-12.099567","-45.7956517","Centro comunitário católico; falso positivo aprovado por revisão humana em lote","excluída"
"CENTRO ESPIRITA DISCIPULOS DE JESUS","Sr. do Bonfim","R. João Rodrigues, 67 - Centro, Sr. do Bonfim - BA, 48970-000, Brazil","Google Places","-10.4598879","-40.1891002","Centro espírita kardecista; falso positivo aprovado por revisão humana em lote","excluída"
"Senzala do Barro Preto - Cultural Association Ile Aiye","Salvador","R. Direta do Curuzu, 228 - Curuzu, Salvador - BA, 40366-110, Brazil","Google Places","-12.9443801","-38.4869443","Associação cultural do Ilê Aiyê; falso positivo aprovado por revisão humana em lote","excluída"
"Todos os terreiro de candomblé","Santa Bárbara","Santa Bárbara - State of Bahia, 44150-000, Brazil","Google Places","-11.954041","-38.9744069","Rótulo genérico e plural, não identifica terreiro específico; falso positivo aprovado por revisão humana em lote","excluída"
"Centro Espirita Alberto Ramos","115 - Rio de Contas","R. Francisco Santana, 115 - Rio de Contas, BA, 46170-000, Brazil","Google Places","-13.5863992","-41.81256860000001","Centro espírita kardecista; falso positivo aprovado por revisão humana em lote","excluída"
"Coletivo de Entidades Negras","Salvador","R. das Laranjeiras, 25 - Centro Histórico, Salvador - BA, 40026-230, Brazil","Google Places","-12.9744771","-38.5080554","coletivo de entidades, não casa religiosa; falso positivo aprovado por revisão humana em lote","excluída"
"Templo Atuaro do Amanhecer - Luis Eduardo Magalhães BA","Luís Eduardo Magalhães","R. Jatobá, 2593 - Jardim Alvorada, Luís Eduardo Magalhães - BA, 47850-000, Brazil","Google Places","-12.0674347","-45.7729673","Templo do Amanhecer, tradição distinta das afro-brasileiras auditadas; falso positivo aprovado por revisão humana em lote","excluída"
"Casa do irmão Santos e Val","R. Ocimar Coelho de Moura - Remanso","R. Ocimar Coelho de Moura - Remanso, BA, 47200-000, Brazil","Google Places","-9.609136","-42.07562069999999","Residência particular; falso positivo aprovado por revisão humana em lote","excluída"
"Casa do sans","R. Jaíro Góes - Guaratinga","R. Jaíro Góes - Guaratinga, BA, 45840-000, Brazil","Google Places","-16.5807469","-39.7810366","Residência ou lugar genérico sem marcador religioso; falso positivo aprovado por revisão humana em lote","excluída"
"Casa do Vaqueiro","Brumado","Av. Horácio José dos Santos - Olhos D'agua, Brumado - BA, 46115-202, Brazil","Google Places","-14.2005966","-41.681736","Nome de comércio genérico ligado ao vaqueiro; falso positivo aprovado por revisão humana em lote","excluída"
"Casas Rio de Contas","324 - Rio de Contas","R. Vicente Correia Neto, 324 - Rio de Contas, BA, 46170-000, Brazil","Google Places","-13.5840778","-41.8103072","Casas de hospedagem ou aluguel; falso positivo aprovado por revisão humana em lote","excluída"
"Retiro de Itaparica","Itaparica","Av. Beira Mar, 3473 - São João de Manguinhos, Itaparica - BA, 44460-000, Brazil","Google Places","-12.9039873","-38.6447644","retiro ou estabelecimento de hospedagem; falso positivo aprovado por revisão humana em lote","excluída"
"TEMPLO OGANDO DO AMANHECER","Itabuna","R. Europa Unida, 96 - São Judas Tadeu, Itabuna - BA, 45605-280, Brazil","Google Places","-14.7869356","-39.2648878","templo da tradição Vale do Amanhecer; falso positivo aprovado por revisão humana em lote","excluída"
"Umburana de Dionísio","Mulungu do Morro","Canudos, Mulungu do Morro - BA, 44880-000, Brazil","Google Places","-11.8979126","-41.60189","Topônimo ou localidade rural; falso positivo aprovado por revisão humana em lote","excluída"
"Vidente em Feira de Santana - Mãe de Santo -Pai de Santo-Taróloga-Cartomante em Feira de Santana BA","Feira de Santana","R. Santos Dumont, 187 - Centro, Feira de Santana - BA, 44002-384, Brazil","Google Places","-12.2492024","-38.9645879","Anúncio de serviços de vidência e cartomancia; falso positivo aprovado por revisão humana em lote","excluída"
"Casa do Caçador","Eunápolis","Av. Santos Dumont, 634 - Centro, Eunápolis - BA, 45820-011, Brazil","Google Places","-16.3726664","-39.5841824","Nome comercial sem indicação de culto afro-brasileiro; falso positivo aprovado por revisão humana em lote","excluída"
"Casa em Jacobina","Jacobina","Jacobina II, Jacobina - State of Bahia, 44700-000, Brazil","Google Places","-11.1799574","-40.5398775","Imóvel residencial genérico; falso positivo aprovado por revisão humana em lote","excluída"
"Enzo do Surf","Salvador","R. Praia de Sauípe - Vilas do Atlântico, Salvador - BA, 42708-830, Brazil","Google Places","-12.8822646","-38.3025369","Nome ligado a surfe, sem indicação religiosa; falso positivo aprovado por revisão humana em lote","excluída"
"SB dos Santos Barbosa","Candeias","R. Guanabara, 77 - Pitanga, Candeias - BA, 43810-310, Brazil","Google Places","-12.6678461","-38.5411569","Nome empresarial ou pessoal sem marcador religioso; falso positivo aprovado por revisão humana em lote","excluída"
"Associação de Terreiros da Bahia - Egbé axé","Salvador","Edificio Sul America - Tv. da Ajuda, 2 - Sl 608 - Centro Historico, Salvador - BA, 40026-038, Brazil","Google Places","-12.9758209","-38.5134054","Escritório de associação, não terreiro; falso positivo aprovado por revisão humana em lote","excluída"
"Casa das Pembas Cosme e Damião","Ipiaú","R. Jaime Tanajura, 193 - centro, Ipiaú - BA, 45570-000, Brazil","Google Places","-14.1342248","-39.7387068","Nome comercial de venda de pembas; falso positivo aprovado por revisão humana em lote","excluída"
"Casa das Pembas São Cosme e Damião","Vitória da Conquista","R. Humberto Flôres, 28 - Centro, Vitória da Conquista - BA, 45000-560, Brazil","Google Places","-14.8502923","-40.8423822","Nome comercial de venda de pembas; falso positivo aprovado por revisão humana em lote","excluída"
"Casa de Ervas Xangô Seabra","Seabra","R. Barão do Rio Branco, 88 - Centro, Seabra - BA, 46900-000, Brazil","Google Places","-12.4197133","-41.7682731","Comércio de ervas religiosas; falso positivo aprovado por revisão humana em lote","excluída"
"IlhaBela","R. Francisco Drumond - Camaçari","R. Francisco Drumond - Camaçari, BA, 42800-063, Brazil","Google Places","-12.7021344","-38.3245796","nome genérico sem referência religiosa; falso positivo aprovado por revisão humana em lote","excluída"
"Casa Das Ervas Ogum","20 - Morro do Chapéu","R. Caetano Dutra, 20 - Morro do Chapéu, BA, 44850-000, Brazil","Google Places","-11.5488765","-41.1606952","Comércio de ervas religiosas; falso positivo aprovado por revisão humana em lote","excluída"
"Casa da Susan","Itacaré","Av. Antonio Athanásio dos Santos, 39 - Centro, Itacaré - BA, 45530-000, Brazil","Google Places","-14.2760851","-38.9969388","Residência ou hospedagem genérica; falso positivo aprovado por revisão humana em lote","excluída"
"Festejos De Todos Os Santos","Monte Santo","Av. Dep. Luís Eduardo Magalhães, Monte Santo - BA, 48800-000, Brazil","Google Places","-10.4401101","-39.32662440000001","Evento ou festejo, não terreiro; falso positivo aprovado por revisão humana em lote","excluída"
"Sítio Santana","Várzea da Roça","R. Caraíbas, 618 - Alto da colina, Várzea da Roça - BA, 44635-000, Brazil","Google Places","-11.6144063","-40.1312921","Sítio genérico sem referência religiosa; falso positivo aprovado por revisão humana em lote","excluída"
"Home of the Giants","Simões Filho","Av. Elmo Serejo de Farias, 110 - Nucleo Hab. Rubens Costa Cia I, Simões Filho - BA, 43700-000, Brazil","Google Places","-12.8218289","-38.3826798","Lugar genérico sem referência religiosa; falso positivo aprovado por revisão humana em lote","excluída"
